,matricule_ocr_value,Full_name,Corrected_Name
0,289604,Albert-mallet Paul,Albert-mallet Paul
1,289604,Albert-mallet Paul,Albert-mallet Paul
2,289604,Albert-mallet Paul,Albert-mallet Paul
3,289604,Albert-mallet Paul,Albert-mallet Paul
4,289604,Albert-mallet Paul,Albert-mallet Paul
5,289604,Albert-mallet Paul,Albert-mallet Paul
6,1870356,Alexandre Thierry,Alexandre Thierry
7,1870356,Alexandre Thierry,Alexandre Thierry
8,54738,Allain Franck,Allain Franck
9,54738,Allain Franck,Allain Franck
10,54738,Allain Franck,Allain Franck
11,54738,Allain Franck,Allain Franck
12,54738,Allain Franck,Allain Franck
13,719458,Allain Henri-gilbert,Allain Henri-gilbert
14,719458,Allain Henri-gilbert,Allain Henri-gilbert
15,719458,Allain Henri-gilbert,Allain Henri-gilbert
16,719458,Allain Henri-gilbert,Allain Henri-gilbert
17,719458,Allain Henri-gilbert,Allain Henri-gilbert
18,51768,Allain Laetitia,Allain Laetitia
19,51768,Allain Laetitia,Allain Laetitia
20,51768,Allain Laetitia,Allain Laetitia
21,904817,Allard Arthur,Allard Arthur
22,904817,Allard Arthur,Allard Arthur
23,904817,Allard Arthur,Allard Arthur
24,904817,Allard Arthur,Allard Arthur
25,904817,Allard Arthur,Allard Arthur
26,1465443,Allard Gregoire,Allard Grégoire
27,1465443,Allard Grégoire,Allard Grégoire
28,1465443,Allard Grégoire,Allard Grégoire
29,1465443,Allard Grégoire,Allard Grégoire
30,1465443,Allard Grégoire,Allard Grégoire
31,1465443,Allard Grégoire,Allard Grégoire
32,1465443,Allard Grégoire,Allard Grégoire
33,1465443,Allard Grégoire,Allard Grégoire
34,95262,Allard-de Sousa,Allard-de Sousa
35,95262,Allard-de Sousa,Allard-de Sousa
36,737028,Alves-gilles Jerome,Alves-gilles Jérôme
37,737028,Alves-gilles Jérôme,Alves-gilles Jérôme
38,737028,Alves-gilles Jérôme,Alves-gilles Jérôme
39,737028,Alves-gilles Jérôme,Alves-gilles Jérôme
40,737028,Alves-gilles Jérôme,Alves-gilles Jérôme
41,6852396,Andre Virginie,Andre Virginie
42,6852396,Andre Virginie,Andre Virginie
43,6852396,Andre Virginie,Andre Virginie
44,6852396,Andre Virginie,Andre Virginie
45,6852396,Andre Virginie,Andre Virginie
46,6852396,Andre Virginie,Andre Virginie
47,6852396,Andre Virginie,Andre Virginie
48,5118762,Antoine Gabriel-f,Antoine Gabriel-françois
49,5118762,Antoine Gabriel-françois,Antoine Gabriel-françois
50,5118762,Antoine Gabriel-françois,Antoine Gabriel-françois
51,5118762,Antoine Gabriel-françois,Antoine Gabriel-françois
52,5118762,Antoine Gabriel-françois,Antoine Gabriel-françois
53,5118762,Antoine Gabriel-françois,Antoine Gabriel-françois
54,5118762,Antoine Gabriel-françois,Antoine Gabriel-françois
55,85433,Antoine Joséphine,Antoine Joséphine
56,85433,Antoine Joséphine,Antoine Joséphine
57,85433,Antoine Joséphine,Antoine Joséphine
58,85433,Antoine Joséphine,Antoine Joséphine
59,613193,Antoine Leon,Antoine Léon
60,613193,Antoine Léon,Antoine Léon
61,613193,Antoine Léon,Antoine Léon
62,613193,Antoine Léon,Antoine Léon
63,613193,Antoine Léon,Antoine Léon
64,613193,Antoine Léon,Antoine Léon
65,8973882,Arnaud Aurore,Arnaud Aurore
66,8973882,Arnaud Aurore,Arnaud Aurore
67,8973882,Arnaud Aurore,Arnaud Aurore
68,8973882,Arnaud Aurore,Arnaud Aurore
69,8973882,Arnaud Aurore,Arnaud Aurore
70,16111,Arnaud Valérie,Arnaud Valérie
71,16111,Arnaud Valérie,Arnaud Valérie
72,16111,Arnaud Valérie,Arnaud Valérie
73,16111,Arnaud Valérie,Arnaud Valérie
74,16111,Arnaud Valérie,Arnaud Valérie
75,16111,Arnaud Valérie,Arnaud Valérie
76,16111,Arnaud Valérie,Arnaud Valérie
77,16111,Arnaud Valérie,Arnaud Valérie
78,16111,Arnaud Valérie,Arnaud Valérie
79,16111,Arnaud Valérie,Arnaud Valérie
80,16111,Arnaud Valérie,Arnaud Valérie
81,754347,Arnaud-thierry Théophile,Arnaud-thierry Théophile
82,3436300,Aubert Marc,Aubert Marc
83,3436300,Aubert Marc,Aubert Marc
84,3436300,Aubert Marc,Aubert Marc
85,3436300,Aubert Marc,Aubert Marc
86,3436300,Aubert Marc,Aubert Marc
87,945703,Aubert Margaud,Aubert Margaud
88,945703,Aubert Margaud,Aubert Margaud
89,945703,Aubert Margaud,Aubert Margaud
90,945703,Aubert Margaud,Aubert Margaud
91,945703,Aubert Margaud,Aubert Margaud
92,945703,Aubert Margaud,Aubert Margaud
93,945703,Aubert Margaud,Aubert Margaud
94,3673121,Aubry Julien,Aubry Julien
95,3673121,Aubry Julien,Aubry Julien
96,3673121,Aubry Julien,Aubry Julien
97,3673121,Aubry Julien,Aubry Julien
98,3673121,Aubry Julien,Aubry Julien
99,3673121,Aubry Julien,Aubry Julien
100,928904,Aubry-marques Gérard,Aubry-marques Gérard
101,928904,Aubry-marques Gérard,Aubry-marques Gérard
102,928904,Aubry-marques Gérard,Aubry-marques Gérard
103,64193,Bailly Claude,Bailly Claude
104,64193,Bailly Claude,Bailly Claude
105,64193,Bailly Claude,Bailly Claude
106,64193,Bailly Claude,Bailly Claude
107,64193,Bailly Claude,Bailly Claude
108,64193,Bailly Claude,Bailly Claude
109,64193,Bailly Claude,Bailly Claude
110,2501835,Bailly-goncalves Michelle,Bailly-goncalves Michelle
111,2501835,Bailly-goncalves Michelle,Bailly-goncalves Michelle
112,2501835,Bailly-goncalves Michelle,Bailly-goncalves Michelle
113,2501835,Bailly-goncalves Michelle,Bailly-goncalves Michelle
114,2501835,Bailly-goncalves Michelle,Bailly-goncalves Michelle
115,2501835,Bailly-goncalves Michelle,Bailly-goncalves Michelle
116,2501835,Bailly-goncalves Michelle,Bailly-goncalves Michelle
117,2501835,Bailly-goncalves Michelle,Bailly-goncalves Michelle
118,64175,Bailly-lombard Zacharie-michel,Bailly-lombard Zacharie-michel
119,64175,Bailly-lombard Zacharie-michel,Bailly-lombard Zacharie-michel
120,64175,Bailly-lombard Zacharie-michel,Bailly-lombard Zacharie-michel
121,8682186,Barbe Stéphane,Barbe Stéphane
122,8682186,Barbe Stéphane,Barbe Stéphane
123,8682186,Barbe Stéphane,Barbe Stéphane
124,8682186,Barbe Stéphane,Barbe Stéphane
125,222060,Barbier-royer Jules,Barbier-royer Jules
126,222060,Barbier-royer Jules,Barbier-royer Jules
127,32590,Baron Celine,Baron Céline
128,32590,Baron Céline,Baron Céline
129,32590,Baron Céline,Baron Céline
130,32590,Baron Céline,Baron Céline
131,32590,Baron Céline,Baron Céline
132,32590,Baron Céline,Baron Céline
133,110681,Baron Isaac,Baron Isaac
134,110681,Baron Isaac,Baron Isaac
135,110681,Baron Isaac,Baron Isaac
136,110681,Baron Isaac,Baron Isaac
137,110681,Baron Isaac,Baron Isaac
138,110681,Baron Isaac,Baron Isaac
139,82045,Baron Marcelle,Baron Marcelle
140,82045,Baron Marcelle,Baron Marcelle
141,8448701,Baron Michel-eugene,Baron Michel-eugène
142,8448701,Baron Michel-eugene,Baron Michel-eugène
143,8448701,Baron Michel-eugène,Baron Michel-eugène
144,8448701,Baron Michel-eugène,Baron Michel-eugène
145,8448701,Baron Michel-eugène,Baron Michel-eugène
146,8448701,Baron Michel-eugène,Baron Michel-eugène
147,1982472,Barre Lorraine,Barre Lorraine
148,1982472,Barre Lorraine,Barre Lorraine
149,1982472,Barre Lorraine,Barre Lorraine
150,1982472,Barre Lorraine,Barre Lorraine
151,1982472,Barre Lorraine,Barre Lorraine
152,1982472,Barre Lorraine,Barre Lorraine
153,1982472,Barre Lorraine,Barre Lorraine
154,1982472,Barre Lorraine,Barre Lorraine
155,2823534,Barthelemy Édith,Barthelemy Édith
156,2823534,Barthelemy Édith,Barthelemy Édith
157,2823534,Barthelemy Édith,Barthelemy Édith
158,2823534,Barthelemy Édith,Barthelemy Édith
159,2823534,Barthelemy Édith,Barthelemy Édith
160,2823534,Barthelemy Édith,Barthelemy Édith
161,2823534,Barthelemy Édith,Barthelemy Édith
162,2823534,Barthelemy Édith,Barthelemy Édith
163,2823534,Barthelemy Édith,Barthelemy Édith
164,5821094,Baudry Michel,Baudry Michel
165,5821094,Baudry Michel,Baudry Michel
166,1915332,Baudry-faure E,Baudry-faure E
167,1915332,Baudry-faure Eugene,Baudry-faure Eugène
168,1915332,Baudry-faure Eugène,Baudry-faure Eugène
169,1915332,Baudry-faure Eugène,Baudry-faure Eugène
170,1915332,Baudry-faure Eugène,Baudry-faure Eugène
171,7005304,Bazin Alexandre,Bazin Alexandre
172,7005304,Bazin Alexandre,Bazin Alexandre
173,481490,Bazin Inès,Bazin Inès
174,481490,Bazin Inès,Bazin Inès
175,481490,Bazin Inès,Bazin Inès
176,481490,Bazin Inès,Bazin Inès
177,52468,Bazin Théophile,Bazin Théophile
178,52468,Bazin Théophile,Bazin Théophile
179,52468,Bazin Théophile,Bazin Théophile
180,52468,Bazin Théophile,Bazin Théophile
181,52468,Bazin Théophile,Bazin Théophile
182,52468,Bazin Théophile,Bazin Théophile
183,50282,Bazin-bouchet Yves,Bazin-bouchet Yves
184,50282,Bazin-bouchet Yves,Bazin-bouchet Yves
185,50282,Bazin-bouchet Yves,Bazin-bouchet Yves
186,50282,Bazin-bouchet Yves,Bazin-bouchet Yves
187,50282,Bazin-bouchet Yves,Bazin-bouchet Yves
188,50282,Bazin-bouchet Yves,Bazin-bouchet Yves
189,50282,Bazin-bouchet Yves,Bazin-bouchet Yves
190,33818,Becker Louise,Becker Louise
191,33818,Becker Louise,Becker Louise
192,33818,Becker Louise,Becker Louise
193,33818,Becker Louise,Becker Louise
194,33818,Becker Louise,Becker Louise
195,33818,Becker Louise,Becker Louise
196,33818,Becker Louise,Becker Louise
197,33818,Becker Louise,Becker Louise
198,33818,Becker Louise,Becker Louise
199,33818,Becker Louise,Becker Louise
200,33818,Becker Louise,Becker Louise
201,33818,Becker Louise,Becker Louise
202,872150,Becker Margot,Becker Margot
203,872150,Becker Margot,Becker Margot
204,872150,Becker Margot,Becker Margot
205,872150,Becker Margot,Becker Margot
206,872150,Becker Margot,Becker Margot
207,872150,Becker Margot,Becker Margot
208,872150,Becker Margot,Becker Margot
209,872150,Becker Margot,Becker Margot
210,872150,Becker Margot,Becker Margot
211,18673,Benard Henri-maurice,Benard Henri-maurice
212,18673,Benard Henri-maurice,Benard Henri-maurice
213,18673,Benard Henri-maurice,Benard Henri-maurice
214,18673,Benard Henri-maurice,Benard Henri-maurice
215,18673,Benard Henri-maurice,Benard Henri-maurice
216,18673,Benard Henri-maurice,Benard Henri-maurice
217,4121950,Berger-pires Rémy-raymond,Berger-pires Rémy-raymond
218,4121950,Berger-pires Rémy-raymond,Berger-pires Rémy-raymond
219,4121950,Berger-pires Rémy-raymond,Berger-pires Rémy-raymond
220,84974,Bernard Augustin,Bernard Augustin
221,84974,Bernard Augustin,Bernard Augustin
222,84974,Bernard Augustin,Bernard Augustin
223,84974,Bernard Augustin,Bernard Augustin
224,84974,Bernard Augustin,Bernard Augustin
225,84974,Bernard Augustin,Bernard Augustin
226,84974,Bernard Augustin,Bernard Augustin
227,84974,Bernard Augustin,Bernard Augustin
228,84974,Bernard Augustin,Bernard Augustin
229,29843,Bernard-martins Franck,Bernard-martins Franck-guy
230,29843,Bernard-martins Franck-guy,Bernard-martins Franck-guy
231,29843,Bernard-martins Franck-guy,Bernard-martins Franck-guy
232,29843,Bernard-martins Franck-guy,Bernard-martins Franck-guy
233,92376,Bernier-boucher Claudine,Bernier-boucher Claudine
234,92376,Bernier-boucher Claudine,Bernier-boucher Claudine
235,92376,Bernier-boucher Claudine,Bernier-boucher Claudine
236,92376,Bernier-boucher Claudine,Bernier-boucher Claudine
237,56363,Berthelot Caroline,Berthelot Caroline
238,56363,Berthelot Caroline,Berthelot Caroline
239,56363,Berthelot Caroline,Berthelot Caroline
240,3565926,Berthelot-cordier Alain,Berthelot-cordier Alain
241,3565926,Berthelot-cordier Alain,Berthelot-cordier Alain
242,3565926,Berthelot-cordier Alain,Berthelot-cordier Alain
243,320286,Besnard Emmanuelle,Besnard Emmanuelle
244,320286,Besnard Emmanuelle,Besnard Emmanuelle
245,320286,Besnard Emmanuelle,Besnard Emmanuelle
246,320286,Besnard Emmanuelle,Besnard Emmanuelle
247,28890,Besson Astrid,Besson Astrid
248,28890,Besson Astrid,Besson Astrid
249,28890,Besson Astrid,Besson Astrid
250,28890,Besson Astrid,Besson Astrid
251,28890,Besson Astrid,Besson Astrid
252,28890,Besson Astrid,Besson Astrid
253,28890,Besson Astrid,Besson Astrid
254,28890,Besson Astrid,Besson Astrid
255,938818,Bigot Maggie-virginie,Bigot Maggie-virginie
256,938818,Bigot Maggie-virginie,Bigot Maggie-virginie
257,938818,Bigot Maggie-virginie,Bigot Maggie-virginie
258,938818,Bigot Maggie-virginie,Bigot Maggie-virginie
259,938818,Bigot Maggie-virginie,Bigot Maggie-virginie
260,938818,Bigot Maggie-virginie,Bigot Maggie-virginie
261,938818,Bigot Maggie-virginie,Bigot Maggie-virginie
262,938818,Bigot Maggie-virginie,Bigot Maggie-virginie
263,17447,Bigot-rivière Louis,Bigot-rivière Louis
264,439123,Blanc-buisson Alexandria,Blanc-buisson Alexandria
265,439123,Blanc-buisson Alexandria,Blanc-buisson Alexandria
266,439123,Blanc-buisson Alexandria,Blanc-buisson Alexandria
267,439123,Blanc-buisson Alexandria,Blanc-buisson Alexandria
268,439123,Blanc-buisson Alexandria,Blanc-buisson Alexandria
269,64844,Blanc-chartier Marguerite,Blanc-chartier Marguerite
270,64844,Blanc-chartier Marguerite,Blanc-chartier Marguerite
271,64844,Blanc-chartier Marguerite,Blanc-chartier Marguerite
272,64844,Blanc-chartier Marguerite,Blanc-chartier Marguerite
273,64844,Blanc-chartier Marguerite,Blanc-chartier Marguerite
274,64844,Blanc-chartier Marguerite,Blanc-chartier Marguerite
275,64844,Blanc-chartier Marguerite,Blanc-chartier Marguerite
276,64844,Blanc-chartier Marguerite,Blanc-chartier Marguerite
277,64844,Blanc-chartier Marguerite,Blanc-chartier Marguerite
278,2580083,Blanchard Theophile,Blanchard Théophile
279,2580083,Blanchard Théophile,Blanchard Théophile
280,2580083,Blanchard Théophile,Blanchard Théophile
281,2580083,Blanchard Théophile,Blanchard Théophile
282,2580083,Blanchard Théophile,Blanchard Théophile
283,2580083,Blanchard Théophile,Blanchard Théophile
284,6520684,Blanchard-remy Clémence,Blanchard-rémy Clémence
285,6520684,Blanchard-remy Clémence,Blanchard-rémy Clémence
286,6520684,Blanchard-rémy Clémence,Blanchard-rémy Clémence
287,6520684,Blanchard-rémy Clémence,Blanchard-rémy Clémence
288,6520684,Blanchard-rémy Clémence,Blanchard-rémy Clémence
289,12337,Blanchet Gilbert,Blanchet Gilbert
290,12337,Blanchet Gilbert,Blanchet Gilbert
291,12337,Blanchet Gilbert,Blanchet Gilbert
292,12337,Blanchet Gilbert,Blanchet Gilbert
293,12337,Blanchet Gilbert,Blanchet Gilbert
294,12337,Blanchet Gilbert,Blanchet Gilbert
295,12337,Blanchet Gilbert,Blanchet Gilbert
296,12337,Blanchet Gilbert,Blanchet Gilbert
297,1233,Blanchet Gilbert,Blanchet Gilbert
298,12337,Blanchet Gilbert,Blanchet Gilbert
299,5646938,Blanchet Philippine,Blanchet Philippine
300,5646938,Blanchet Philippine,Blanchet Philippine
301,5646938,Blanchet Philippine,Blanchet Philippine
302,5646938,Blanchet Philippine,Blanchet Philippine
303,12185,Blanc-lemoine Marcel,Blanc-lemoine Marcel
304,12185,Blanc-lemoine Marcel,Blanc-lemoine Marcel
305,12185,Blanc-lemoine Marcel,Blanc-lemoine Marcel
306,12185,Blanc-lemoine Marcel,Blanc-lemoine Marcel
307,12185,Blanc-lemoine Marcel,Blanc-lemoine Marcel
308,67545,Blondel Lucas,Blondel Lucas
309,67545,Blondel Lucas,Blondel Lucas
310,67545,Blondel Lucas,Blondel Lucas
311,67545,Blondel Lucas,Blondel Lucas
312,67545,Blondel Lucas,Blondel Lucas
313,5477194,Blot Agnes,Blot Agnès
314,5477194,Blot Agnes,Blot Agnès
315,5477194,Blot Agnès,Blot Agnès
316,5477194,Blot Agnès,Blot Agnès
317,5477194,Blot Agnès,Blot Agnès
318,5477194,Blot Agnès,Blot Agnès
319,5477194,Blot Agnès,Blot Agnès
320,410946,Blot Anastasie-michèle,Blot Anastasie-michèle
321,85622,Blot Gabriel,Blot Gabriel
322,85622,Blot Gabriel,Blot Gabriel
323,85622,Blot Gabriel,Blot Gabriel
324,85622,Blot Gabriel,Blot Gabriel
325,85622,Blot Gabriel,Blot Gabriel
326,59209,Blot Manon,Blot Manon
327,59209,Blot Manon,Blot Manon
328,59209,Blot Manon,Blot Manon
329,59209,Blot Manon,Blot Manon
330,59209,Blot Manon,Blot Manon
331,90916,Blot Marc-julien,Blot Marc-julien
332,90916,Blot Marc-julien,Blot Marc-julien
333,90916,Blot Marc-julien,Blot Marc-julien
334,90916,Blot Marc-julien,Blot Marc-julien
335,90916,Blot Marc-julien,Blot Marc-julien
336,90916,Blot Marc-julien,Blot Marc-julien
337,21012,Bodin Océane,Bodin Océane
338,21012,Bodin Océane,Bodin Océane
339,21012,Bodin Océane,Bodin Océane
340,21012,Bodin Océane,Bodin Océane
341,21012,Bodin Océane,Bodin Océane
342,21012,Bodin Océane,Bodin Océane
343,21012,Bodin Océane,Bodin Océane
344,21012,Bodin Océane,Bodin Océane
345,21012,Bodin Océane,Bodin Océane
346,21012,Bodin Océane,Bodin Océane
347,21012,Bodin Océane,Bodin Océane
348,377722,Bonneau Léon,Bonneau Leon
349,377722,Bonneau Léon,Bonneau Leon
350,377722,Bonneau Léon,Bonneau Léon
351,377722,Bonneau Léon,Bonneau Léon
352,377722,Bonneau Léon,Bonneau Léon
353,377722,Bonneau Léon,Bonneau Léon
354,377722,Bonneau Léon,Bonneau Léon
355,58703,Bouchet Arthur,Bouchet Arthur
356,58703,Bouchet Arthur,Bouchet Arthur
357,58703,Bouchet Arthur,Bouchet Arthur
358,66036,Bouchet Theodore,Bouchet Théodore
359,66036,Bouchet Théodore,Bouchet Théodore
360,66036,Bouchet Théodore,Bouchet Théodore
361,66036,Bouchet Théodore,Bouchet Théodore
362,66036,Bouchet Théodore,Bouchet Théodore
363,66036,Bouchet Théodore,Bouchet Théodore
364,294961,Bouchet Victor,Bouchet Victor
365,294961,Bouchet Victor,Bouchet Victor
366,294961,Bouchet Victor,Bouchet Victor
367,359514,Boulanger Alfred-franck,Boulanger Alfred-franck
368,359514,Boulanger Alfred-franck,Boulanger Alfred-franck
369,359514,Boulanger Alfred-franck,Boulanger Alfred-franck
370,359514,Boulanger Alfred-franck,Boulanger Alfred-franck
371,359514,Boulanger Alfred-franck,Boulanger Alfred-franck
372,763132,Boulanger Denis,Boulanger Denis
373,763132,Boulanger Denis,Boulanger Denis
374,763132,Boulanger Denis,Boulanger Denis
375,763132,Boulanger Denis,Boulanger Denis
376,763132,Boulanger Denis,Boulanger Denis
377,9788283,Boulay Claudine,Boulay Claudine
378,9788283,Boulay Claudine,Boulay Claudine
379,9788283,Boulay Claudine,Boulay Claudine
380,9788283,Boulay Claudine,Boulay Claudine
381,9788283,Boulay Claudine,Boulay Claudine
382,9788283,Boulay Claudine,Boulay Claudine
383,89003,Bourgeois Édouard,Bourgeois Édouard
384,80080,Boutin Adèle,Boutin Adèle
385,80080,Boutin Adèle,Boutin Adèle
386,80080,Boutin Adèle,Boutin Adèle
387,80080,Boutin Adèle,Boutin Adèle
388,80080,Boutin Adèle,Boutin Adèle
389,80080,Boutin Adèle,Boutin Adèle
390,80080,Boutin Adèle,Boutin Adèle
391,108772,Boutin Hugues-xavier,Boutin Hugues-xavier
392,108772,Boutin Hugues-xavier,Boutin Hugues-xavier
393,108772,Boutin Hugues-xavier,Boutin Hugues-xavier
394,108772,Boutin Hugues-xavier,Boutin Hugues-xavier
395,108772,Boutin Hugues-xavier,Boutin Hugues-xavier
396,267120,Boutin N,Boutin N
397,267120,Boutin Nath,Boutin Nath
398,267120,Boutin Nath,Boutin Nath
399,267120,Boutin Nath,Boutin Nath
400,267120,Boutin Nath,Boutin Nath
401,9327741,Bouvet Valérie,Bouvet Valérie
402,9327741,Bouvet Valérie,Bouvet Valérie
403,9327741,Bouvet Valérie,Bouvet Valérie
404,9327741,Bouvet Valérie,Bouvet Valérie
405,9327741,Bouvet Valérie,Bouvet Valérie
406,9327741,Bouvet Valérie,Bouvet Valérie
407,87393,Bouvier Bernard,Bouvier Bernard
408,87393,Bouvier Bernard,Bouvier Bernard
409,75636,Bouvier-barre Marianne,Bouvier-barre Marianne
410,75636,Bouvier-barre Marianne,Bouvier-barre Marianne
411,75636,Bouvier-barre Marianne,Bouvier-barre Marianne
412,277364,Boyer Jules,Boyer Jules
413,277364,Boyer Jules,Boyer Jules
414,277364,Boyer Jules,Boyer Jules
415,277364,Boyer Jules,Boyer Jules
416,277364,Boyer Jules,Boyer Jules
417,277364,Boyer Jules,Boyer Jules
418,749520,Boyer Maurice-william,Boyer Maurice-william
419,497609,Boyer-mallet Margaret,Boyer-mallet Margaret
420,497609,Boyer-mallet Margaret,Boyer-mallet Margaret
421,497609,Boyer-mallet Margaret,Boyer-mallet Margaret
422,497609,Boyer-mallet Margaret,Boyer-mallet Margaret
423,497609,Boyer-mallet Margaret,Boyer-mallet Margaret
424,497609,Boyer-mallet Margaret,Boyer-mallet Margaret
425,12456,Boyer-moulin Célina,Boyer-moulin Célina
426,12456,Boyer-moulin Célina,Boyer-moulin Célina
427,12456,Boyer-moulin Célina,Boyer-moulin Célina
428,12456,Boyer-moulin Célina,Boyer-moulin Célina
429,102794,Breton Claire,Breton Claire
430,102794,Breton Claire,Breton Claire
431,102794,Breton Claire,Breton Claire
432,102794,Breton Claire,Breton Claire
433,102794,Breton Claire,Breton Claire
434,102794,Breton Claire,Breton Claire
435,102794,Breton Claire,Breton Claire
436,775774,Breton-humbert Isaac,Breton-humbert Isaac
437,775774,Breton-humbert Isaac,Breton-humbert Isaac
438,775774,Breton-humbert Isaac,Breton-humbert Isaac
439,775774,Breton-humbert Isaac,Breton-humbert Isaac
440,775774,Breton-humbert Isaac,Breton-humbert Isaac
441,775774,Breton-humbert Isaac,Breton-humbert Isaac
442,775774,Breton-humbert Isaac,Breton-humbert Isaac
443,775774,Breton-humbert Isaac,Breton-humbert Isaac
444,561829,Breton-martinez Anastasie,Breton-martinez Anastasie
445,561829,Breton-martinez Anastasie,Breton-martinez Anastasie
446,561829,Breton-martinez Anastasie,Breton-martinez Anastasie
447,91167,Briand Christelle-paulett,Briand Christelle-pauletti
448,91167,Briand Christelle-paulett,Briand Christelle-pauletti
449,91167,Briand Christelle-pauletti,Briand Christelle-pauletti
450,91167,Briand Christelle-pauletti,Briand Christelle-pauletti
451,189946,Briand Léon-antoine,Briand Léon-antoine
452,189946,Briand Léon-antoine,Briand Léon-antoine
453,189946,Briand Léon-antoine,Briand Léon-antoine
454,189946,Briand Léon-antoine,Briand Léon-antoine
455,14255,Briand Louis,Briand Louis
456,14255,Briand Louis,Briand Louis
457,14255,Briand Louis,Briand Louis
458,789477,Brun No,Brun No
459,789477,Brun Noel,Brun Noel
460,/8941/,Brun Noel,Brun Noel
461,789477,Brun Noel,Brun Noel
462,789477,Brun Noel,Brun Noel
463,46495,Bruneau Alphonse,Bruneau Alphonse
464,46495,Bruneau Alphonse,Bruneau Alphonse
465,46495,Bruneau Alphonse,Bruneau Alphonse
466,46495,Bruneau Alphonse,Bruneau Alphonse
467,46495,Bruneau Alphonse,Bruneau Alphonse
468,46495,Bruneau Alphonse,Bruneau Alphonse
469,46495,Bruneau Alphonse,Bruneau Alphonse
470,992814,Brunet Jérôme-william,Brunet Jérôme-william
471,992814,Brunet Jérôme-william,Brunet Jérôme-william
472,992814,Brunet Jérôme-william,Brunet Jérôme-william
473,485175,Buisson Mathilde,Buisson Mathilde
474,485175,Buisson Mathilde,Buisson Mathilde
475,485175,Buisson Mathilde,Buisson Mathilde
476,485175,Buisson Mathilde,Buisson Mathilde
477,485175,Buisson Mathilde,Buisson Mathilde
478,485175,Buisson Mathilde,Buisson Mathilde
479,485175,Buisson Mathilde,Buisson Mathilde
480,1789359,Buisson Paul-benjamin,Buisson Paul-benjamin
481,1789359,Buisson Paul-benjamin,Buisson Paul-benjamin
482,1789359,Buisson Paul-benjamin,Buisson Paul-benjamin
483,1789359,Buisson Paul-benjamin,Buisson Paul-benjamin
484,1789359,Buisson Paul-benjamin,Buisson Paul-benjamin
485,1789359,Buisson Paul-benjamin,Buisson Paul-benjamin
486,879957,Carlier Édouard,Carlier Édouard
487,879957,Carlier Édouard,Carlier Édouard
488,879957,Carlier Édouard,Carlier Édouard
489,879957,Carlier Édouard,Carlier Édouard
490,879957,Carlier Édouard,Carlier Édouard
491,17207,Caron Christelle,Caron Christelle
492,17207,Caron Christelle,Caron Christelle
493,17207,Caron Christelle,Caron Christelle
494,17207,Caron Christelle,Caron Christelle
495,17207,Caron Christelle,Caron Christelle
496,563077,Caron Manon,Caron Manon
497,563077,Caron Manon,Caron Manon
498,5630,Caron Manon,Caron Manon
499,563077,Caron Manon,Caron Manon
500,563077,Caron Manon,Caron Manon
501,563077,Caron Manon,Caron Manon
502,563077,Caron Manon,Caron Manon
503,563077,Caron Manon,Caron Manon
504,6125589,Carpentier A,Carpentier A
505,6125589,Carpentier A,Carpentier A
506,6125589,Carpentier A,Carpentier A
507,6125589,Carpentier Anouk,Carpentier Anouk
508,6125589,Carpentier Anouk,Carpentier Anouk
509,272097,Carpentier Hortense,Carpentier Hortense
510,272097,Carpentier Hortense,Carpentier Hortense
511,272097,Carpentier Hortense,Carpentier Hortense
512,4322878,Carpentier Isaac,Carpentier Isaac
513,579986,Carre Denis,Carre Denis
514,579986,Carre Denis,Carre Denis
515,579986,Carre Denis,Carre Denis
516,579986,Carre Denis,Carre Denis
517,579986,Carre Denis,Carre Denis
518,7141040,Charpentier Geneviève,Charpentier Geneviève
519,7141040,Charpentier Geneviève,Charpentier Geneviève
520,7141040,Charpentier Geneviève,Charpentier Geneviève
521,7141040,Charpentier Geneviève,Charpentier Geneviève
522,67206,Charpentier Jean,Charpentier Jean
523,67206,Charpentier Jean,Charpentier Jean
524,67206,Charpentier Jean,Charpentier Jean
525,67206,Charpentier Jean,Charpentier Jean
526,67206,Charpentier Jean,Charpentier Jean
527,67206,Charpentier Jean,Charpentier Jean
528,67206,Charpentier Jean,Charpentier Jean
529,67206,Charpentier Jean,Charpentier Jean
530,5634527,Charpentier-guyon Lucie,Charpentier-guyon Lucie
531,5634527,Charpentier-guyon Lucie,Charpentier-guyon Lucie
532,5634527,Charpentier-guyon Lucie,Charpentier-guyon Lucie
533,5634527,Charpentier-guyon Lucie,Charpentier-guyon Lucie
534,5634527,Charpentier-guyon Lucie,Charpentier-guyon Lucie
535,5634527,Charpentier-guyon Lucie,Charpentier-guyon Lucie
536,241959,Charrier Ana,Charrier Ana
537,241959,Charrier Ana,Charrier Ana
538,241959,Charrier Ana,Charrier Ana
539,241959,Charrier Ana,Charrier Ana
540,91587,Charrier Georges,Charrier Georges
541,91587,Charrier Georges,Charrier Georges
542,91587,Charrier Georges,Charrier Georges
543,91587,Charrier Georges,Charrier Georges
544,1549195,Charrier Simone-charlotte,Charrier Simone-charlotte
545,1549195,Charrier Simone-charlotte,Charrier Simone-charlotte
546,1549195,Charrier Simone-charlotte,Charrier Simone-charlotte
547,1549195,Charrier Simone-charlotte,Charrier Simone-charlotte
548,1549195,Charrier Simone-charlotte,Charrier Simone-charlotte
549,1549195,Charrier Simone-charlotte,Charrier Simone-charlotte
550,27009,Chartier Alphonse,Chartier Alphonse
551,27009,Chartier Alphonse,Chartier Alphonse
552,27009,Chartier Alphonse,Chartier Alphonse
553,27009,Chartier Alphonse,Chartier Alphonse
554,27009,Chartier Alphonse,Chartier Alphonse
555,27009,Chartier Alphonse,Chartier Alphonse
556,27009,Chartier Alphonse,Chartier Alphonse
557,27009,Chartier Alphonse,Chartier Alphonse
558,4156763,Chartier Anne,Chartier Anne
559,4156763,Chartier Anne,Chartier Anne
560,4156763,Chartier Anne,Chartier Anne
561,4156763,Chartier Anne,Chartier Anne
562,4156763,Chartier Anne,Chartier Anne
563,4156763,Chartier Anne,Chartier Anne
564,36726,Chartier-turpin Jacqueline,Chartier-turpin Jacqueline
565,36726,Chartier-turpin Jacqueline,Chartier-turpin Jacqueline
566,74191,Chauveau Aimée-olivie,Chauveau Aimée-olivie
567,74191,Chauveau Aimée-olivie,Chauveau Aimée-olivie
568,74191,Chauveau Aimée-olivie,Chauveau Aimée-olivie
569,74191,Chauveau Aimée-olivie,Chauveau Aimée-olivie
570,74191,Chauveau Aimée-olivie,Chauveau Aimée-olivie
571,74191,Chauveau Aimée-olivie,Chauveau Aimée-olivie
572,Z4191,Chauveau Aimée-olivie,Chauveau Aimée-olivie
573,119845,Chauveau Thérèse,Chauveau Thérèse
574,52462,Chauvet Dorothee,Chauvet Dorothée
575,52462,Chauvet Dorothée,Chauvet Dorothée
576,52462,Chauvet Dorothée,Chauvet Dorothée
577,52462,Chauvet Dorothée,Chauvet Dorothée
578,52462,Chauvet Dorothée,Chauvet Dorothée
579,52462,Chauvet Dorothée,Chauvet Dorothée
580,64171,Chauvin Richard,Chauvin Richard
581,64171,Chauvin Richard,Chauvin Richard
582,64171,Chauvin Richard,Chauvin Richard
583,64171,Chauvin Richard,Chauvin Richard
584,64171,Chauvin Richard,Chauvin Richard
585,64171,Chauvin Richard,Chauvin Richard
586,64171,Chauvin Richard,Chauvin Richard
587,126457,Chevalier-hebert Dominique,Chevalier-hebert Dominique
588,79934,Chevallier Isabelle,Chevallier Isabelle
589,79934,Chevallier Isabelle,Chevallier Isabelle
590,79934,Chevallier Isabelle,Chevallier Isabelle
591,79934,Chevallier Isabelle,Chevallier Isabelle
592,2495318,Chevallier J,Chevallier J
593,2495318,Chevallier Julie,Chevallier Julie
594,2495318,Chevallier Julie,Chevallier Julie
595,51800,Chevallier Maggie,Chevallier Maggie
596,51800,Chevallier Maggie,Chevallier Maggie
597,51800,Chevallier Maggie,Chevallier Maggie
598,51800,Chevallier Maggie,Chevallier Maggie
599,51800,Chevallier Maggie,Chevallier Maggie
600,688708,Clément Simone-henriette,Clément Simone-henriette
601,688708,Clément Simone-henriette,Clément Simone-henriette
602,4467545,Cohen William,Cohen William
603,4467545,Cohen William,Cohen William
604,4467545,Cohen William,Cohen William
605,4467545,Cohen William,Cohen William
606,4467545,Cohen William,Cohen William
607,9415437,Colas Madeleine,Colas Madeleine
608,9415437,Colas Madeleine,Colas Madeleine
609,9415437,Colas Madeleine,Colas Madeleine
610,9415437,Colas Madeleine,Colas Madeleine
611,66351,Colas-couturier Nathalie,Colas-couturier Nathalie
612,66351,Colas-couturier Nathalie,Colas-couturier Nathalie
613,66351,Colas-couturier Nathalie,Colas-couturier Nathalie
614,66351,Colas-couturier Nathalie,Colas-couturier Nathalie
615,19453,Colin Matthieu-hugues,Colin Matthieu-hugues
616,19453,Colin Matthieu-hugues,Colin Matthieu-hugues
617,781554,Collet Adrien-patrick,Collet Adrien-patrick
618,781554,Collet Adrien-patrick,Collet Adrien-patrick
619,781554,Collet Adrien-patrick,Collet Adrien-patrick
620,781554,Collet Adrien-patrick,Collet Adrien-patrick
621,781554,Collet Adrien-patrick,Collet Adrien-patrick
622,781554,Collet Adrien-patrick,Collet Adrien-patrick
623,781554,Collet Adrien-patrick,Collet Adrien-patrick
624,6219740,Collin-lemaire Alice,Collin-lemaire Alice
625,6219740,Collin-lemaire Alice,Collin-lemaire Alice
626,6219740,Collin-lemaire Alice,Collin-lemaire Alice
627,6219740,Collin-lemaire Alice,Collin-lemaire Alice
628,6219740,Collin-lemaire Alice,Collin-lemaire Alice
629,589052,Cordier Jeannine,Cordier Jeannine
630,589052,Cordier Jeannine,Cordier Jeannine
631,589052,Cordier Jeannine,Cordier Jeannine
632,928266,Cordier Oceane,Cordier Océane
633,928266,Cordier Océane,Cordier Océane
634,928266,Cordier Océane,Cordier Océane
635,928266,Cordier Océane,Cordier Océane
636,928266,Cordier Océane,Cordier Océane
637,61850,Cordier-alves Michelle,Cordier-alves Michelle
638,61850,Cordier-alves Michelle,Cordier-alves Michelle
639,61850,Cordier-alves Michelle,Cordier-alves Michelle
640,61850,Cordier-alves Michelle,Cordier-alves Michelle
641,61850,Cordier-alves Michelle,Cordier-alves Michelle
642,61850,Cordier-alves Michelle,Cordier-alves Michelle
643,61850,Cordier-alves Michelle,Cordier-alves Michelle
644,61850,Cordier-alves Michelle,Cordier-alves Michelle
645,873784,Costa J,Costa Josette
646,873784,Costa Josette,Costa Josette
647,873784,Costa Josette,Costa Josette
648,873784,Costa Josette,Costa Josette
649,873784,Costa Josette,Costa Josette
650,873784,Costa Josette,Costa Josette
651,873784,Costa Josette,Costa Josette
652,873784,Costa Josette,Costa Josette
653,6913178,Costa Julien-gilles,Costa Julien-gilles
654,6913178,Costa Julien-gilles,Costa Julien-gilles
655,461890,Costa Michelle,Costa Michelle
656,461890,Costa Michelle,Costa Michelle
657,461890,Costa Michelle,Costa Michelle
658,461890,Costa Michelle,Costa Michelle
659,942083,Costa Stéphane-isaac,Costa Stéphane-isaac
660,942083,Costa Stéphane-isaac,Costa Stéphane-isaac
661,942083,Costa Stéphane-isaac,Costa Stéphane-isaac
662,942083,Costa Stéphane-isaac,Costa Stéphane-isaac
663,942083,Costa Stéphane-isaac,Costa Stéphane-isaac
664,942083,Costa Stéphane-isaac,Costa Stéphane-isaac
665,942083,Costa Stéphane-isaac,Costa Stéphane-isaac
666,942083,Costa Stéphane-isaac,Costa Stéphane-isaac
667,5221575,Coste Luce-susan,Coste Luce-susan
668,5221575,Coste Luce-susan,Coste Luce-susan
669,5221575,Coste Luce-susan,Coste Luce-susan
670,5221575,Coste Luce-susan,Coste Luce-susan
671,5221575,Coste Luce-susan,Coste Luce-susan
672,5221575,Coste Luce-susan,Coste Luce-susan
673,5221575,Coste Luce-susan,Coste Luce-susan
674,5221575,Coste Luce-susan,Coste Luce-susan
675,1877799,Coulon Henri,Coulon Henri
676,1877799,Coulon Henri,Coulon Henri
677,1877799,Coulon Henri,Coulon Henri
678,1877799,Coulon Henri,Coulon Henri
679,1877799,Coulon Henri,Coulon Henri
680,1877799,Coulon Henri,Coulon Henri
681,1877799,Coulon Henri,Coulon Henri
682,1877799,Coulon Henri,Coulon Henri
683,1877799,Coulon Henri,Coulon Henri
684,1877799,Coulon Henri,Coulon Henri
685,1877799,Coulon Henri,Coulon Henri
686,1137275,Coulon Joséphine,Coulon Joséphine
687,1137275,Coulon Joséphine,Coulon Joséphine
688,1137275,Coulon Joséphine,Coulon Joséphine
689,1137275,Coulon Joséphine,Coulon Joséphine
690,1137275,Coulon Joséphine,Coulon Joséphine
691,1137275,Coulon Joséphine,Coulon Joséphine
692,199736,Coulon Susanne-bernadette,Coulon Susanne-bernadette
693,199736,Coulon Susanne-bernadette,Coulon Susanne-bernadette
694,199736,Coulon Susanne-bernadette,Coulon Susanne-bernadette
695,199736,Coulon Susanne-bernadette,Coulon Susanne-bernadette
696,199736,Coulon Susanne-bernadette,Coulon Susanne-bernadette
697,199736,Coulon Susanne-bernadette,Coulon Susanne-bernadette
698,47625,Coulon-perrier Vincent,Coulon-perrier Vincent
699,47625,Coulon-perrier Vincent,Coulon-perrier Vincent
700,47625,Coulon-perrier Vincent,Coulon-perrier Vincent
701,47625,Coulon-perrier Vincent,Coulon-perrier Vincent
702,242450,Courtois Benoît,Courtois Benoît
703,242450,Courtois Benoît,Courtois Benoît
704,242450,Courtois Benoît,Courtois Benoît
705,242450,Courtois Benoît,Courtois Benoît
706,4535990,Courtois Virginie,Courtois Virginie
707,4535990,Courtois Virginie,Courtois Virginie
708,4535990,Courtois Virginie,Courtois Virginie
709,4535990,Courtois Virginie,Courtois Virginie
710,4535990,Courtois Virginie,Courtois Virginie
711,4535990,Courtois Virginie,Courtois Virginie
712,4535990,Courtois Virginie,Courtois Virginie
713,4535990,Courtois Virginie,Courtois Virginie
714,4983124,Cousin Capucine,Cousin Capucine
715,4983124,Cousin Capucine,Cousin Capucine
716,4983124,Cousin Capucine,Cousin Capucine
717,4983124,Cousin Capucine,Cousin Capucine
718,92380,Cousin Jeannine,Cousin Jeannine
719,92380,Cousin Jeannine,Cousin Jeannine
720,92380,Cousin Jeannine,Cousin Jeannine
721,298252,Couturier T,Couturier Timothée-yves
722,298252,Couturier Timothée-yves,Couturier Timothée-yves
723,298252,Couturier Timothée-yves,Couturier Timothée-yves
724,298252,Couturier Timothée-yves,Couturier Timothée-yves
725,298252,Couturier Timothée-yves,Couturier Timothée-yves
726,5949581,Da Silva,Da Silva
727,44412,Da Silva,Da Silva
728,44412,Da Silva,Da Silva
729,5949581,Da Silva,Da Silva
730,44412,Da Silva,Da Silva
731,44412,Da Silva,Da Silva
732,44412,Da Silva,Da Silva
733,5949581,Da Silva,Da Silva
734,5949581,Da Silva,Da Silva
735,5949581,Da Silva,Da Silva
736,44412,Da Silva,Da Silva
737,44412,Da Silva,Da Silva
738,44412,Da Silva,Da Silva
739,44412,Da Silva,Da Silva
740,5949581,Da Silva,Da Silva
741,938119,David Suzanne,David Suzanne
742,938119,David Suzanne,David Suzanne
743,938119,David Suzanne,David Suzanne
744,938119,David Suzanne,David Suzanne
745,938119,David Suzanne,David Suzanne
746,938119,David Suzanne,David Suzanne
747,938119,David Suzanne,David Suzanne
748,938119,David Suzanne,David Suzanne
749,4575138,David Thérèse,David Thérèse
750,4575138,David Thérèse,David Thérèse
751,4575138,David Thérèse,David Thérèse
752,4575138,David Thérèse,David Thérèse
753,4575138,David Thérèse,David Thérèse
754,4575138,David Thérèse,David Thérèse
755,4575138,David Thérèse,David Thérèse
756,4575138,David Thérèse,David Thérèse
757,4575138,David Thérèse,David Thérèse
758,438172,De Oliveira,De Oliveira
759,438172,De Oliveira,De Oliveira
760,438172,De Oliveira,De Oliveira
761,4787214,De Oliveira-pottie,De Oliveira-pottie
762,4787214,De Oliveira-pottie,De Oliveira-pottie
763,4787214,De Oliveira-pottie,De Oliveira-pottie
764,4787214,De Oliveira-pottie,De Oliveira-pottie
765,3214065,De Sousa,De Sousa
766,99286,Delahaye Dominique,Delahaye Dominique
767,947221,Delannoy-girard Andree,Delannoy-girard Andrée
768,947221,Delannoy-girard Andree,Delannoy-girard Andrée
769,947221,Delannoy-girard Andrée,Delannoy-girard Andrée
770,947221,Delannoy-girard Andrée,Delannoy-girard Andrée
771,947221,Delannoy-girard Andrée,Delannoy-girard Andrée
772,947221,Delannoy-girard Andrée,Delannoy-girard Andrée
773,9333637,Delattre Xavier,Delattre Xavier
774,9333637,Delattre Xavier,Delattre Xavier
775,9333637,Delattre Xavier,Delattre Xavier
776,9333637,Delattre Xavier,Delattre Xavier
777,9333637,Delattre Xavier,Delattre Xavier
778,933363,Delattre Xavier,Delattre Xavier
779,9333637,Delattre Xavier,Delattre Xavier
780,44984,Delorme Léon,Delorme Léon
781,44984,Delorme Léon,Delorme Léon
782,44984,Delorme Léon,Delorme Léon
783,8319402,Denis Thibaut,Denis Thibaut
784,8319402,Denis Thibaut,Denis Thibaut
785,8319402,Denis Thibaut,Denis Thibaut
786,8319402,Denis Thibaut,Denis Thibaut
787,8319402,Denis Thibaut,Denis Thibaut
788,8319402,Denis Thibaut,Denis Thibaut
789,180667,Denis-fabre Audrey-cécile,Denis-fabre Audrey-cécile
790,180667,Denis-fabre Audrey-cécile,Denis-fabre Audrey-cécile
791,180667,Denis-fabre Audrey-cécile,Denis-fabre Audrey-cécile
792,180667,Denis-fabre Audrey-cécile,Denis-fabre Audrey-cécile
793,180667,Denis-fabre Audrey-cécile,Denis-fabre Audrey-cécile
794,9830949,Denis-hoarau Guillaume-rémy,Denis-hoarau Guillaume-rémy
795,9830949,Denis-hoarau Guillaume-rémy,Denis-hoarau Guillaume-rémy
796,26185,Descamps Cecile,Descamps Cécile
797,26185,Descamps Cécile,Descamps Cécile
798,26185,Descamps Cécile,Descamps Cécile
799,26185,Descamps Cécile,Descamps Cécile
800,26185,Descamps Cécile,Descamps Cécile
801,26185,Descamps Cécile,Descamps Cécile
802,26185,Descamps Cécile,Descamps Cécile
803,26185,Descamps Cécile,Descamps Cécile
804,26185,Descamps Cécile,Descamps Cécile
805,26185,Descamps Cécile,Descamps Cécile
806,377721,Bonneau James,Bonneau James
